{"config": {"modes": ["in-process-shared"], "idle_sec": 4.0, "throughput_tasks": 9, "sample_interval_sec": 0.5, "ack_timeout_sec": 20.0, "mock_codex": "/mnt/c/Users/송용준/Desktop/any/skills/codex-teams/scripts/bench_mock_codex.py"}, "elapsed_sec": 36.023561239242554, "results": [{"mode": "in-process-shared", "runtime_processes_last": 1, "idle_usage": {"samples": 7.0, "cpu_avg": 0.6428571428571429, "cpu_max": 0.7, "rss_mb_avg": 17.34375, "rss_mb_max": 17.34375}, "single_task_latency": {"count": 3.0, "avg_ms": 297.9265848795573, "p50_ms": 242.19250679016113, "p95_ms": 558.4664344787598, "max_ms": 558.4664344787598}, "sequential_throughput": {"sent": 9, "acked": 9, "elapsed_sec": 10.229642391204834, "throughput_task_per_sec": 0.8797961508153944, "latency": {"count": 9.0, "avg_ms": 547.443707784017, "p50_ms": 213.86981010437012, "p95_ms": 1824.833869934082, "max_ms": 1824.833869934082}, "usage": {"samples": 14.0, "cpu_avg": 0.75, "cpu_max": 0.8, "rss_mb_avg": 17.34375, "rss_mb_max": 17.34375}}, "session": "bench-inprocessshared-82507", "repo": "/mnt/c/Users/송용준/Desktop/any/.tmp/codex_mode_in_process_shared_lebh68ux"}]}
